{"cameraMode":{"drawMode":0,"name":"Shaded","section":"Shading Mode"},"sceneLighting":false,"audioPlay":false,"sceneViewState":{"showFog":true,"showMaterialUpdate":false,"showSkybox":false,"showFlares":true,"showImageEffects":true,"showParticleSystems":true,"showVisualEffectGraphs":true,"m_FxEnabled":true},"in2DMode":false,"pivot":{"x":-0.07028621435165405,"y":0.3539324402809143,"z":-0.915198028087616},"rotation":{"x":-0.005100799724459648,"y":0.9924365282058716,"z":-0.11846218258142472,"w":-0.04137524962425232},"size":0.8196153044700623,"orthographic":false}