{"cameraMode":{"drawMode":0,"name":"Shaded","section":"Shading Mode"},"sceneLighting":false,"audioPlay":false,"sceneViewState":{"showFog":true,"showMaterialUpdate":false,"showSkybox":false,"showFlares":true,"showImageEffects":true,"showParticleSystems":true,"showVisualEffectGraphs":true,"m_FxEnabled":true},"in2DMode":false,"pivot":{"x":0.6096638441085815,"y":0.5544809103012085,"z":1.507527232170105},"rotation":{"x":-0.005090914200991392,"y":0.9914542436599731,"z":-0.12740561366081239,"w":-0.03835355117917061},"size":0.657124400138855,"orthographic":false}